data_size,train_size,test_size,year_range,order,mape,rmse,mae,r2,aic,status
30,24,6,1975-2004,"(1, 1, 1)",3.5459691486945526,73.12941932812663,46.22421139242696,0.5377011570846962,181.8494070687643,Success
35,28,7,1975-2009,"(1, 1, 1)",13.145999514256976,229.41752869852945,193.64484982861336,-6.916066391435943,222.15848256162462,Success
40,32,8,1975-2014,"(1, 1, 1)",2.042945854970425,46.83878594871374,34.86831116006232,0.8724842913920232,280.93129957411,Success
45,36,9,1975-2019,"(1, 1, 1)",2.323199731434512,52.37767764399944,42.95206147105859,0.7319355836571707,322.13596014018026,Success
50,40,10,1975-2024,"(1, 1, 1)",7.067522839181771,241.91579331325846,167.75063203184462,0.3539356247674248,384.23520936862406,Success
