Split,Train_Pct,Test_Pct,Train_Size,Test_Size,Train_Years,Test_Years,MAPE,RMSE,MAE,R2,AIC,Status
60:40,60,40,36,24,1965-2000,2001-2024,85.04926316300421,2283.568092074484,1714.2541659436554,-34.61423836884185,274.7203115696711,Success
65:35,65,35,39,21,1965-2003,2004-2024,70.53683404574596,1754.5612567595463,1417.7165841736864,-23.518069576685335,310.08017699926756,Success
70:30,70,30,42,18,1965-2006,2007-2024,5.287611127690962,149.6485590246297,109.9744376093758,0.7839797322748492,365.6710268728697,Success
75:25,75,25,45,15,1965-2009,2010-2024,6.53419374061321,154.47702203154068,134.6266737554615,0.7263009157996083,398.74864725247636,Success
80:19,80,19,48,12,1965-2012,2013-2024,22.028525298867592,467.4265136566841,443.3869656095006,-1.374095402576276,430.87556766654063,Success
85:15,85,15,51,9,1965-2015,2016-2024,6.884973392855959,227.68350165932,162.93959238095826,0.4306068398384786,497.16670594864524,Success
90:9,90,9,54,6,1965-2018,2019-2024,9.323522930377582,273.9088898380179,225.99348391942578,0.1417748177808028,536.184257097425,Success
